code,name,strength,event_title,event_id,return_20d,bias_20d,avg_turnover
002771,真视通,6.84,财报发布,3103,12.789281364189996,11.771628594707154,13.258955
688720,艾森股份,6.24,重大合同签署,2795,17.733616504854368,11.474985995604783,5.106439999999999
603496,恒为科技,6.24,技术突破,2775,-0.03343363423604668,4.873643043790878,4.07887
300511,雪榕生物,5.9,财报发布,2080,7.091172214182348,5.2032982655672395,3.765685
300199,翰宇药业,5.76,行业龙头动作,2911,12.078059071729953,7.996849033110578,6.67247
603486,科沃斯,5.72,财报发布,1022,0.6933247339567876,1.5942736294127398,0.668055
000815,美利云,5.72,重大合同签署,1007,11.80124223602485,7.190710138454656,21.888595000000002
920128,胜业电气,5.72,财报发布,2480,-3.409961685823757,1.546765487795055,1.2553699999999999
300223,北京君正,5.66,原材料价格波动,1838,-4.207677165354327,5.046816395182547,4.8803399999999995
688268,华特气体,5.5,原材料价格波动,2007,9.774072731666067,-5.217423053050488,9.96704
300166,东方国信,5.5,财报发布,162,1.8337408312958479,8.34715312327254,18.360859999999995
600382,广东明珠,5.5,财报发布,3118,24.41717791411043,14.913871260199441,3.2138000000000004
603618,杭电股份,5.5,财报发布,3087,22.064777327935218,-0.9953822473062953,13.722705000000001
002132,恒星科技,5.5,财报发布,2471,20.10582010582011,14.3144907465693,5.55997
600410,华胜天成,5.5,财报发布,204,7.0266272189349195,10.798445605773475,14.63502
601808,中海油服,5.28,原材料价格波动,2584,-12.30592294422082,-4.565224193497908,0.9633000000000003
603399,永杉锂业,5.28,财报发布,3504,26.97628458498024,12.310448804789582,7.766059999999999
300812,易天股份,5.28,产品发布/召回,468,12.538830838746131,7.551549174133634,15.84533
002340,格林美,5.28,财报发布,3076,7.604562737642592,6.16481180442664,2.8683000000000005
300458,全志科技,5.28,财报发布,3141,3.9566395663956664,7.186766513915266,3.1768099999999997
300957,贝泰妮,5.2,财报发布,551,-9.985315712187955,-2.6146819355265696,1.214765
000546,金圆股份,5.0,财报发布,1890,20.246478873239443,8.55054036872219,7.934049999999999
600455,博通股份,4.99,行业龙头动作,855,-7.341772151898726,-1.3040044686711338,3.327270000000001
688258,卓易信息,4.99,技术突破,558,0.5491585473870596,3.8937267481501414,3.2879799999999997
600873,梅花生物,4.99,技术突破,1657,-8.256107834877833,-2.9325251804973607,1.43567
920036,觅睿科技,4.92,技术突破,2257,-11.559633027522931,5.104777688131012,17.490154999999998
000519,中兵红箭,4.84,战争/冲突,1119,3.9812646370023614,3.929543260087182,2.16331
301636,泽润新能,4.84,产品发布/召回,842,-4.12077232085008,7.548294257017019,19.192320000000002
600316,洪都航空,4.8,行业标准制定,2338,8.470461289452388,3.474009264024689,1.7102950000000003
301230,泓博医药,4.8,财报发布,1446,6.940736785904969,1.8599743188781592,8.28949
600256,广汇能源,4.75,供应链变化,743,-13.623595505617974,-8.250037296732817,3.8830900000000006
000400,许继电气,4.68,行业龙头动作,3347,-10.436300174520065,-6.423791550425754,3.0186850000000005
003027,同兴科技,4.61,技术突破,2824,8.412098298676755,7.404546199405399,3.975905
300890,翔丰华,4.61,重大资产重组,3067,5.463258785942483,7.3426118626430785,6.14588
301486,致尚科技,4.61,技术突破,3419,10.799869409076065,7.134965180662791,11.473525
605296,神农集团,4.6,原材料价格波动,3538,-4.571428571428576,3.4678599087858197,0.7562450000000001
600339,中油工程,4.6,战争/冲突,1940,-6.921241050119342,-7.670454545454552,2.8865499999999997
002565,顺灏股份,4.58,行业新规,2255,10.256410256410266,14.082426361964506,21.46093
300708,聚灿光电,4.58,产品发布/召回,463,-5.544933078393881,4.285412708465279,5.636310000000001
300693,盛弘股份,4.51,行业龙头动作,407,16.386745347253743,10.5839730872078,6.92727
002881,美格智能,4.51,产品发布/召回,1316,-5.638122198631755,4.14903727233671,2.1799049999999993
000923,河钢资源,4.4,原材料价格波动,150,-0.5249343832021072,2.7991754366930572,1.889405
300164,通源石油,4.4,财报发布,995,-33.64303178484107,-14.543908813249775,25.033685
603186,华正新材,4.4,原材料价格波动,1305,16.785492870427774,13.573845608905055,7.043655000000001
000912,泸天化,4.4,原材料价格波动,1444,-12.792792792792792,-6.10146473954798,5.224055
300533,冰川网络,4.4,财报发布,3484,-15.482148815482152,-7.672680882084943,4.0034600000000005
603209,兴通股份,4.4,财报发布,3074,-4.169424222369286,-2.4127240868041433,1.6944700000000001
600141,兴发集团,4.4,战争/冲突,2674,-1.7385904998447756,-3.2819948661532976,2.1896250000000004
300184,力源信息,4.29,产品价格类,2846,9.161624891961976,12.677312873583737,8.212025
301225,恒勃股份,4.22,重大资产重组,3107,14.201183431952655,9.024149131478598,8.366655000000002
000062,深圳华强,4.22,技术突破,1340,11.921775103422345,9.574918536791929,4.679535
300842,帝科股份,4.22,重大资产重组,3150,-13.160049119934506,0.7898331254825013,4.44137
301629,矽电股份,4.22,行业龙头动作,392,-0.24827586206897495,12.781925573597913,7.731824999999999
300010,豆神教育,4.22,产品发布/召回,1477,-5.271317829457362,-0.17970919784349157,2.0429850000000003
600366,宁波韵升,4.22,技术突破,1455,4.560530679933656,4.895395749282534,1.8350899999999999
300115,长盈精密,4.22,重大合同签署,2308,4.276923076923079,4.7604327666151445,2.81255
601298,青岛港,4.1,重大合同签署,643,0.0,1.9963285910968482,0.20231
600186,莲花控股,4.05,技术突破,2089,10.970464135021087,9.219269102990053,12.64922
603650,彤程新材,4.05,原材料价格波动,279,4.165863066538084,6.649553240855013,1.297545
002455,百川股份,4.05,供应链变化,2111,-13.82175226586103,-11.244214538524348,16.156135
300042,朗科科技,4.05,原材料价格波动,416,-12.706593211302659,5.530013320156416,15.151835
300540,蜀道装备,4.0,原材料价格波动,3505,12.291350531107739,11.264252599924834,2.90451
600396,华电辽能,3.94,行业新规,2807,25.48330404217925,-6.120570639668656,18.327735
601678,滨化股份,3.9,重大资产重组,1202,1.405622489959827,1.1922653040777635,3.097955
688106,金宏气体,3.87,产品发布/召回,2593,-1.6552716804606005,-1.8213169522577917,8.730890000000002
600770,综艺股份,3.87,行业龙头动作,1459,-1.7006802721088374,3.677130044843034,1.6942999999999997
000919,金陵药业,3.84,国家发展规划,3509,10.249307479224381,5.353715836145849,8.538835
002045,国光电器,3.8,负面舆情,379,-4.354838709677427,1.3112373467731542,1.35568
000878,云南铜业,3.7,原材料价格波动,2300,4.151339989490274,6.656621643437541,2.419615
001872,招商港口,3.68,贸易协定签署,1443,-6.008771929824565,-2.877860865624283,0.14613
600127,金健米业,3.68,原材料价格波动,1605,-3.32409972299168,-2.8261172212167534,8.29135
603103,横店影视,3.61,产品发布/召回,1968,1.817413355874893,5.829635812502754,1.0806
300558,贝达药业,3.61,行业龙头动作,2098,1.6843562528841645,0.6520572348662012,1.8029499999999998
301297,富乐德,3.61,重大合同签署,1486,6.563926940639282,9.620409241699184,1.18107
601016,节能风电,3.61,国家发展规划,2106,-11.159737417943122,-6.483934124150665,9.493325
300189,神农种业,3.61,国家发展规划,1504,-12.45136186770428,-2.322552637291089,10.29344
920021,流金科技,3.61,国家发展规划,2518,15.106382978723405,9.608468824393466,9.457560000000003
605319,无锡振华,3.61,国家发展规划,2521,20.25862068965517,6.464168511028006,2.6235100000000005
300065,海兰信,3.61,国家发展规划,2556,11.490052781161193,14.748960531539243,9.38679
603960,克来机电,3.61,重大资产重组,3090,17.269657501205973,12.88599953563963,4.32907
600644,乐山电力,3.61,行业标准制定,3478,-8.719999999999999,-4.266476486134984,9.16759
688005,容百科技,3.61,行业龙头动作,1530,11.167341430499333,10.931555735110956,3.103725
301556,托普云农,3.61,国家发展规划,1503,-5.113572787288807,2.3672424824056284,4.90095
300773,拉卡拉,3.61,国际贸易政策,2608,2.9759633727584798,11.579643639670918,6.45546
300137,先河环保,3.61,国家发展规划,381,17.824074074074066,13.00229408717531,7.284235000000001
002009,天奇股份,3.61,行业新规,20,-1.24497991967871,1.2955448909394347,6.17304
002385,大北农,3.61,国家发展规划,2053,-3.3898305084745686,0.47846889952153426,2.74771
000999,华润三九,3.61,国家发展规划,47,-5.664263645726051,-2.3280611338190904,0.8947200000000001
300884,狄耐克,3.52,国际贸易政策,3336,-7.660738714090283,0.8365700627427555,2.3643750000000003
688319,欧林生物,3.52,产品发布/召回,2810,-4.555883316945265,0.010303259264347678,2.14783
603619,中曼石油,3.52,国际贸易政策,1490,-7.575757575757576,-4.46358653093186,7.047059999999999
688425,铁建重工,3.5,重大合同签署,3326,-5.825242718446615,-2.247304242668538,0.68011
600970,中材国际,3.43,行业新规,1877,3.5294117647058942,1.2124406958355476,1.07484
002589,瑞康医药,3.43,国家发展规划,3265,11.726384364820857,5.069689079491491,8.211195
000876,新 希 望,3.43,领导人重要讲话,2084,1.8518518518518534,4.544104544104547,0.712725
301005,超捷股份,3.43,在手订单类,96,12.903225806451605,9.861724632895106,7.803280000000001
601717,中创智领,3.43,行业新规,2870,-9.19854280510018,-3.7366032634932935,1.18376
000930,中粮科技,3.43,产品发布/召回,1089,-9.93006993006993,-4.670268669972616,2.3785049999999996
600685,中船防务,3.41,战争/冲突,2719,-4.879614767255216,2.3488773747841094,1.8284099999999999
002407,多氟多,3.3,财报发布,1636,16.952455183164464,6.957017606386777,6.991619999999999
300661,圣邦股份,3.3,财报发布,568,9.335777746439156,6.416855397707792,4.226215
002458,益生股份,3.3,供应链变化,2672,7.628004179728322,8.35261939827478,2.18325
600284,浦东建设,3.3,经济数据,2573,2.455661664392902,6.759542256023885,1.458405
002155,湖南黄金,3.3,原材料价格波动,2682,1.8581081081080986,1.6983455045283677,4.514225
000090,天健集团,3.3,重大合同签署,38,-3.937007874015746,1.4131338320864424,1.1086399999999998
300725,药石科技,3.3,财报发布,3059,3.677472078452741,3.4829658228880773,3.7025999999999994
000833,粤桂股份,3.3,原材料价格波动,277,-4.473085670962849,1.8511033869533666,9.715295
600323,瀚蓝环境,3.28,重大资产重组,3238,-3.422568620806511,-3.455284552845539,0.684915
600927,永安期货,3.28,国家发展规划,1216,-2.8474576271186436,2.7313785934475474,0.36900999999999995
002235,安妮股份,3.28,行业新规,1638,-13.764813126709205,-4.70914127423822,6.973059999999999
002967,广电计量,3.28,行业新规,2376,2.688919796012973,7.806872383919007,1.1946850000000002
000601,韶能股份,3.26,国家发展规划,2555,-10.405405405405412,-6.057385759829959,14.582755
600958,东方证券,3.26,重大资产重组,2819,-2.7083333333333313,1.9761982749208336,0.0
601615,明阳智能,3.26,国家发展规划,305,-13.223987698616103,-1.5640444211872895,3.6144849999999997
300182,捷成股份,3.26,行业新规,1401,-6.026058631921826,0.8564936199964951,5.090064999999999
000065,北方国际,3.26,外交制裁/反制,1166,13.83748994368464,-0.9346448699548288,7.293944999999999
300573,兴齐眼药,3.26,行业龙头动作,1433,-1.2782838671760277,0.7792051957012376,2.1936750000000003
002923,润都股份,3.2,产品发布/召回,3323,-19.949012109623958,-14.598490514720893,6.659905
300740,水羊股份,3.12,行业标准制定,428,10.106382978723403,9.287257019438456,2.17424
000998,隆平高科,3.12,行业新规,44,-2.369200394866734,0.21278751646570873,2.173825
603270,金帝股份,3.1,行业龙头动作,577,8.672199170124479,6.079630604722755,4.293819999999998
601890,亚星锚链,3.08,战争/冲突,750,-4.644808743169397,1.7987360233349587,2.9944300000000004
603308,应流股份,3.08,行业龙头动作,2361,16.252452583387832,10.024449877750627,2.79288
601975,招商南油,3.08,战争/冲突,888,-7.69230769230768,-7.046799354491638,7.207949999999999
000560,我爱我家,2.96,国家发展规划,2745,-5.9561128526645755,2.0234653970413152,4.5511800000000004
000925,众合科技,2.9,行业龙头动作,1409,-2.516556291390722,2.8938906752411553,2.032155
300496,中科创达,2.8,财报发布,3081,-6.006742261722343,2.4040066777963474,2.695825
600325,华发股份,2.8,经济数据,1349,-9.343434343434346,0.7295173961840321,1.31609
600598,北大荒,2.8,经济数据,581,-4.097387173396682,-0.4192872117400505,2.296795
601777,千里科技,2.71,产品发布/召回,2404,-1.4778325123152742,0.6036217303822987,0.480445
300965,恒宇信通,2.64,重大资产重组,574,3.9346696362286515,5.682311423125531,1.06054
688037,芯源微,2.64,行业龙头动作,331,9.823799179338643,4.887649191154873,2.3480000000000003
300456,赛微电子,2.64,行业龙头动作,1004,24.029287774572882,14.602019373686662,9.592855
300191,潜能恒信,2.64,原材料价格波动,2063,-9.1166077738516,0.3903200624512063,9.378974999999999
002244,滨江集团,2.64,财报发布,1765,2.7317073170731643,6.390502652184879,0.838265
002752,昇兴股份,2.6,财报发布,3035,1.3071895424836613,-1.5794904357488675,2.399535
300404,博济医药,2.6,重大合同签署,3277,2.6183282980866043,2.309236947791151,3.9999350000000007
301210,金杨精密,2.6,财报发布,1707,4.688721021099237,5.13236371246204,5.294485000000001
603605,珀莱雅,2.6,财报发布,2260,-10.997596153846153,-2.9019594987747985,0.7245349999999999
300628,亿联网络,2.6,财报发布,3080,4.145985401459859,5.4280520785612145,1.0329199999999998
000552,甘肃能化,2.6,原材料价格波动,3472,0.7575757575757582,-3.710407239819006,3.962859999999999
000661,长春高新,2.46,产品发布/召回,2453,-2.6413397774530676,0.6764452916153253,1.020655
688536,思瑞浦,2.44,行业龙头动作,2102,17.346523130637184,10.833864620660842,3.5974150000000003
000603,盛达资源,2.4,原材料价格波动,374,3.557910673732012,4.229894982793436,3.2897999999999996
601333,广深铁路,2.4,消费/投资/出口数据,314,-1.2987012987012998,-1.5703415897684887,1.07828
300342,天银机电,2.4,管理层变动,2597,24.776054183963282,7.691727480153104,15.01028
600754,锦江酒店,2.4,国家发展规划,425,-2.4513338139870213,-1.3506862798709587,1.3766
600928,西安银行,2.4,财报发布,1532,-1.362397820163483,0.49972237645749307,0.46093
600559,老白干酒,2.4,财报发布,2104,-6.965517241379309,-0.44647798974207104,0.757275
002490,山东墨龙,2.4,原材料价格波动,2067,-25.34364261168386,-9.882816550865925,13.355979999999999
600977,中国电影,2.4,行业龙头动作,689,12.358703843255467,9.903070062285767,1.5939150000000002
600108,亚盛集团,2.24,国家发展规划,2056,-14.555765595463146,-2.5021570319240842,5.878075
000778,新兴铸管,2.24,领导人重要讲话,73,-3.87931034482758,-1.5017667844522884,1.3954600000000001
600728,佳都科技,2.24,重大资产重组,3007,-7.704918032786881,-0.11531979065022531,1.2361149999999999
300003,乐普医疗,2.22,产品发布/召回,2131,-5.491329479768782,0.14700477765527936,1.67616
300651,金陵体育,2.08,行业龙头动作,1423,5.622775800711737,0.04381973236257536,24.080410000000004
002633,申科股份,2.0,负面舆情,259,2.159827213822906,4.646017699115043,1.9641899999999999
600717,天津港,1.85,重大合同签署,2681,-4.690831556503212,-1.952182496161429,0.8163500000000001
603119,浙江荣泰,1.45,行业龙头动作,3421,4.002642007926025,5.9580366876169295,5.6045300000000005
603017,中衡设计,1.3,盘面描述,3362,-6.308919506889045,-8.750617981495873,11.27512
600060,海信视像,1.3,国际贸易政策,3511,2.5503355704697994,2.824073035598125,0.93434
300251,光线传媒,1.3,盘面描述,3554,4.187500000000011,7.375201288244774,3.0809450000000003
603178,圣龙股份,1.3,盘面描述,3348,9.628697293895538,12.517762562976376,0.8997949999999999
002134,天津普林,1.3,盘面描述,341,8.095238095238091,8.893792574114933,3.188545
301595,太力科技,1.3,盘面描述,3563,-17.775933609958507,-8.136774959204862,6.53091
603318,水发燃气,1.3,盘面描述,1379,-8.983451536643033,-2.0293911826452007,6.463634999999999
600726,华电能源,1.3,盘面描述,402,-10.557768924302776,-16.759362254356677,4.72011
002081,金 螳 螂,1.3,盘面描述,2044,7.5362318840579645,10.433100163714846,0.8770199999999999
001267,汇绿生态,0.39,盘面描述,2010,9.66396860436595,8.929224022414422,8.873149999999999
300617,安靠智电,-1.3,盘面描述,3508,-0.01645007402532984,6.41874146443955,6.004019999999999
000715,中兴商业,-1.3,盘面描述,2052,-3.378378378378381,-0.052420059409402656,1.6619550000000003
002149,西部材料,-1.3,盘面描述,1400,24.54545454545454,14.174991926494624,14.157885000000002
001386,马可波罗,-2.0,股票回购/分红,2871,-12.454873646209393,-2.180763897642781,3.3255250000000003
001208,华菱线缆,-2.0,股票回购/分红,3557,9.63855421686746,12.299465240641728,10.2882
002217,合力泰,-2.2,负面舆情,3152,6.772908366533879,10.675201321494947,3.1457550000000003
000709,河钢股份,-2.24,原材料价格波动,1435,-4.132231404958682,-0.6423982869379069,0.911125
001298,好上好,-2.4,经济数据,956,-28.936307791787907,-23.141478425064697,2.670215
300160,秀强股份,-2.4,负面舆情,2744,-8.277027027027032,-3.6379769299024125,2.6608600000000004
688395,正弦电气,-2.4,反垄断/监管处罚,295,1.325255585005685,4.219811890249857,1.317455
002506,协鑫集成,-2.4,产品发布/召回,350,-16.19585687382297,-8.152734778121784,12.600869999999997
000048,京基智农,-2.4,股票回购/分红,2169,-30.560747663551403,-18.479304385988993,3.9468650000000003
600845,宝信软件,-2.6,财报发布,3170,1.2814847547503434,2.5549241576804564,0.98593
002321,华英农业,-2.6,负面舆情,3171,-3.524229074889871,1.365424670215232,2.344585
600257,大湖股份,-2.6,环保/安全检查,1209,-1.694915254237293,-3.326009546177754,4.789
300847,中船汉光,-2.6,财报发布,1991,-3.8532110091743164,0.3222821404639671,1.3591600000000001
300724,捷佳伟创,-2.64,财报发布,3225,-6.584745762711861,-2.797557373073773,7.700715000000001
600623,华谊集团,-2.81,原材料价格波动,2487,-4.397705544933086,1.5125367982945987,1.3700299999999999
301269,华大九天,-2.88,外交制裁/反制,776,-2.4875056792367243,2.653936063995804,0.6860100000000001
002779,中坚科技,-3.1,反垄断/监管处罚,151,7.499143933340951,4.214271092103146,1.639995
301560,众捷汽车,-3.1,股票回购/分红,482,5.130890052356004,1.0416142504906194,12.189645
002572,索菲亚,-3.12,国际贸易政策,411,-1.660377358490571,2.877896648375505,1.2031649999999998
002033,丽江股份,-3.12,行业新规,219,13.001083423618626,12.641071332145348,5.0876850000000005
000796,凯撒旅业,-3.12,行业新规,252,3.6190476190476266,2.4578585554195405,3.1758949999999997
300224,正海磁材,-3.3,财报发布,3317,-0.39840637450199534,3.964513446077066,2.1923000000000004
603169,兰石重装,-3.3,反垄断/监管处罚,2301,-11.843276936776492,-1.9024970273483963,2.223695
000513,丽珠集团,-3.68,行业新规,760,-2.1430640023168315,-0.7213056955237909,1.07835
600633,浙数文化,-3.8,负面舆情,318,-2.700675168792194,4.172523191839691,1.901275
002389,航天彩虹,-4.0,战争/冲突,859,-4.5667947076397795,2.439583094719958,2.75381
600664,哈药股份,-4.6,行业新规,2662,19.484240687679076,13.346017939657493,6.233614999999999
603363,傲农生物,-4.6,负面舆情,2032,-2.5943396226415167,3.1210986267165812,2.579815
603912,佳力图,-5.5,财报发布,2815,3.0303030303030174,7.452339688041574,7.753535000000001
300373,扬杰科技,-5.7,外交制裁/反制,370,6.251687820685923,6.584133606035554,2.2548399999999997
600864,哈投股份,-5.9,财报发布,3486,6.586826347305395,4.590525156077869,4.47553
